latitude,longitude
37.63291,-122.08962
37.63291,-122.08962
37.63291,-122.08962
38.19057,-120.67
39.20731,-122
38.00646,-122.131
37.8923,-122.05828
37.8923,-122.05828
37.8923,-122.05828
37.99,-122.04
37.78,-121.96
36.83745,-119.66072
36.83745,-119.66072
36.83745,-119.66072
36.60789,-119.451
39.52055,-122.207
40.90351,-124.09
37.36207,-118.407
35.41216,-119.039
39.10232,-122.91
40.42306,-120.646
34.69,-118.16
34.04,-118.27
34.09626,-117.745
33.94,-118.13
34.15686,-118.486
34.12867,-117.866
34.1,-118.29
33.81,-118.34
34.17,-118.53
34.05308,-118.136
33.91108,-118.064
34.24088,-118.395
34.16,-118.33
34.19,-118.46
34.07042,-117.945
34.05,-118.22
37.50045,-119.976
41.48001,-120.544
37.64524,-118.964
36.2071,-121.132
36.69686,-121.629
33.80327,-118.0674
33.80327,-118.0674
33.80327,-118.0674
33.7745,-117.913
33.49973,-117.742
33.89,-117.93
38.76515,-121.24922
38.76515,-121.24922
38.76515,-121.24922
38.74636,-121.25107
38.74636,-121.25107
38.74636,-121.25107
40.30547,-121.233
33.61315,-114.595
38.67,-121.31
38.47144,-121.42409
38.47144,-121.42409
38.47144,-121.42409
34.24728,-116.889
34.26583,-117.167
34.8325,-114.618
32.78,-117.06
32.8,-117.16
32.9,-117.24
37.76,-122.46
37.53017,-122.299
34.43336,-119.809
37.25,-121.94
37.31,-121.93
41.02423,-121.424
38.12839,-122.24761
38.12839,-122.24761
38.12839,-122.24761
38.39825,-122.821
38.47,-122.71
40.73784,-122.94
34.21,-118.89
34.44221,-119.263
37.79925,-122.23138
37.79925,-122.23138
37.79925,-122.23138
37.63291,-122.08962
37.63291,-122.08962
37.63291,-122.08962
37.69,-121.88
39.36701,-121.689
37.98222,-121.8054
37.98222,-121.8054
37.98222,-121.8054
37.8923,-122.05828
37.78,-121.96
36.83745,-119.66072
36.83745,-119.66072
36.83745,-119.66072
36.15152,-120.34
39.52055,-122.207
40.90351,-124.09
40.78,-124.14
37.36207,-118.407
39.10232,-122.91
34.04,-118.27
34.09626,-117.745
33.83377,-118.081
34.13219,-117.973
34.01897,-118.187
33.94,-118.13
34.02383,-118.183
34.15686,-118.486
34.07,-118.12
34.09628,-118.325
34.14,-118.15
34.17,-118.53
34.13,-118.26
33.80759,-118.193
33.97,-118.05
34.06879,-118.263
33.93,-118.2
34.03,-118.48
34.16,-118.33
34.06,-118.27
34.07042,-117.945
34.4,-118.55
34.06,-118.21
37.95,-122.54
37.64524,-118.964
36.2071,-121.132
39.32453,-120.201
33.78785,-117.825
33.82,-117.91
33.80327,-118.0674
33.80327,-118.0674
33.71112,-117.885
33.7745,-117.913
33.65921,-117.77401
33.65921,-117.77401
33.65921,-117.77401
38.76515,-121.24922
38.76515,-121.24922
38.76515,-121.24922
38.74636,-121.25107
38.74636,-121.25107
38.74636,-121.25107
39.93921,-120.962
40.30547,-121.233
38.67,-121.31
38.47144,-121.42409
38.47144,-121.42409
34.24728,-116.889
34.26583,-117.167
34.54,-117.27
34.8325,-114.618
34.47,-117.3
32.78,-117.06
32.89654,-117.241
37.79,-122.43
37.59,-122.38
34.43336,-119.809
34.95,-120.41
34.60243,-120.127
37.33,-121.94
41.31894,-122.323
38.12839,-122.24761
38.12839,-122.24761
38.12839,-122.24761
38.26,-122.05
38.47,-122.71
37.51052,-120.83966
37.51052,-120.83966
37.51052,-120.83966
39.14,-121.59
37.79925,-122.23138
37.79925,-122.23138
37.79925,-122.23138
37.63291,-122.08962
37.63291,-122.08962
37.63291,-122.08962
37.69,-121.88
38.34743,-120.772
39.36701,-121.689
39.20731,-122
37.98222,-121.8054
37.98222,-121.8054
37.98222,-121.8054
37.8923,-122.05828
37.8923,-122.05828
37.8923,-122.05828
41.77278,-124.195
38.91228,-119.997
36.83745,-119.66072
36.83745,-119.66072
36.83745,-119.66072
39.52055,-122.207
40.58267,-124.135
37.36207,-118.407
36.6084,-118.058
35.63486,-118.405
35.39,-119.04
35.14302,-118.449
39.10232,-122.91
34.02,-118.1
34.09626,-117.745
34.12867,-117.866
34.04827,-118.042
34.09,-117.89
33.97,-118.05
34.06879,-118.263
34.03,-118.48
34.19,-118.46
34.07042,-117.945
34.2,-118.63
34.05,-118.22
34.06,-118.2
37.50045,-119.976
37.64524,-118.964
36.2071,-121.132
33.7,-117.96
33.78785,-117.825
33.80327,-118.0674
33.80327,-118.0674
33.71112,-117.885
33.82,-117.99
33.75,-117.83
33.65921,-117.77401
33.65921,-117.77401
33.65921,-117.77401
38.76515,-121.24922
38.76515,-121.24922
38.76515,-121.24922
38.74636,-121.25107
38.74636,-121.25107
38.74636,-121.25107
39.93921,-120.962
40.30547,-121.233
38.67,-121.31
38.47144,-121.42409
38.47144,-121.42409
38.47144,-121.42409
36.835,-121.386
34.24728,-116.889
34.07774,-117.696
34.13323,-116.276
33.18,-117.29
32.62,-117.02
37.74804,-122.42
37.68,-122.47
37.48,-122.25
34.43336,-119.809
37.31,-121.93
37.23924,-121.80269
37.23924,-121.80269
37.23924,-121.80269
41.02423,-121.424
41.71949,-122.645
38.12839,-122.24761
38.12839,-122.24761
38.12839,-122.24761
38.62764,-122.863
38.47,-122.71
37.51052,-120.83966
37.51052,-120.83966
37.51052,-120.83966
37.75782,-120.86
40.73784,-122.94
34.27,-119.26
34.44221,-119.263
37.79925,-122.23138
37.79925,-122.23138
37.79925,-122.23138
37.63291,-122.08962
37.63291,-122.08962
37.63291,-122.08962
37.82402,-122.25791
37.82402,-122.25791
37.82402,-122.25791
39.36701,-121.689
37.98222,-121.8054
37.98222,-121.8054
37.98222,-121.8054
37.8923,-122.05828
37.8923,-122.05828
37.99,-122.04
36.83745,-119.66072
36.83745,-119.66072
36.60789,-119.451
36.84034,-119.76
39.52055,-122.207
37.36207,-118.407
35.63486,-118.405
35.41216,-119.039
35.38,-119.02
35.14302,-118.449
39.10232,-122.91
34.02,-118.1
34.04,-118.27
34.09626,-117.745
34.13219,-117.973
33.94,-118.13
34.12867,-117.866
34.09628,-118.325
34.14,-118.15
34.13,-118.26
33.91108,-118.064
33.97,-118.05
34.16,-118.33
34.07,-118.45
34.07042,-117.945
34.2,-118.63
33.83,-118.29
33.92723,-118.157
37.95,-122.54
37.50045,-119.976
41.48001,-120.544
37.64524,-118.964
36.2071,-121.132
38.32,-122.3
33.7,-117.96
33.82,-117.91
33.63,-117.93
33.70442,-117.988
33.80327,-118.0674
33.80327,-118.0674
33.80327,-118.0674
33.7745,-117.913
33.65921,-117.77401
33.65921,-117.77401
33.65921,-117.77401
38.76515,-121.24922
38.76515,-121.24922
38.76515,-121.24922
38.74636,-121.25107
38.74636,-121.25107
38.74636,-121.25107
33.87334,-117.5668
33.87334,-117.5668
33.87334,-117.5668
33.70677,-116.23391
33.70677,-116.23391
33.70677,-116.23391
33.93174,-116.945
33.81487,-116.439
38.47144,-121.42409
38.47144,-121.42409
38.47144,-121.42409
34.24728,-116.889
34.07774,-117.696
34.8325,-114.618
32.78,-117.06
37.79,-122.43
37.7691,-122.434
35.28,-120.65
37.59,-122.38
37.48,-122.25
34.43336,-119.809
37.37,-122.08
37.23924,-121.80269
37.23924,-121.80269
37.23924,-121.80269
41.02423,-121.424
41.31894,-122.323
41.71949,-122.645
38.12839,-122.24761
38.12839,-122.24761
38.44,-122.7
37.51052,-120.83966
37.51052,-120.83966
37.51052,-120.83966
40.73784,-122.94
36.22101,-119.338
37.79925,-122.23138
37.79925,-122.23138
37.79925,-122.23138
37.63291,-122.08962
37.63291,-122.08962
37.63291,-122.08962
37.69,-121.88
37.82402,-122.25791
37.82402,-122.25791
37.82402,-122.25791
39.36701,-121.689
38.19057,-120.67
37.98222,-121.8054
37.98222,-121.8054
37.98222,-121.8054
37.8923,-122.05828
37.8923,-122.05828
37.8923,-122.05828
36.83745,-119.66072
36.83745,-119.66072
36.60789,-119.451
39.52055,-122.207
40.10195,-123.792
35.63486,-118.405
35.41216,-119.039
35.14302,-118.449
39.10232,-122.91
40.42306,-120.646
33.78,-118.19
34.02,-118.1
34.04,-118.27
34.09626,-117.745
33.94,-118.13
34.15,-118.23
34.14,-118.15
33.81,-118.34
34.13,-118.26
33.91108,-118.064
33.97,-118.05
34.24088,-118.395
34.16,-118.33
34.06311,-118.273
34.07042,-117.945
34.05,-118.22
34.4,-118.55
37.95,-122.54
37.50045,-119.976
37.34023,-120.46518
37.34023,-120.46518
37.34023,-120.46518
41.48001,-120.544
37.64524,-118.964
38.32,-122.3
38.54,-122.47
33.8209,-117.909
33.80327,-118.0674
33.80327,-118.0674
33.80327,-118.0674
33.49973,-117.742
33.73119,-117.829
33.65921,-117.77401
33.65921,-117.77401
33.65921,-117.77401
38.76515,-121.24922
38.76515,-121.24922
38.76515,-121.24922
38.74636,-121.25107
38.74636,-121.25107
38.74636,-121.25107
39.80517,-120.462
39.93921,-120.962
33.87334,-117.5668
33.87334,-117.5668
33.76,-116.41
33.70677,-116.23391
33.70677,-116.23391
33.70677,-116.23391
33.61315,-114.595
33.72146,-117.156
33.81487,-116.439
38.47144,-121.42409
38.47144,-121.42409
38.47144,-121.42409
34.24728,-116.889
34.26583,-117.167
34.8325,-114.618
34.47,-117.3
34.47093,-117.29778
34.47093,-117.29778
32.69427,-117.168
32.89654,-117.241
37.78584,-122.42175
37.48,-122.25
34.60243,-120.127
37.31,-121.93
37.23924,-121.80269
37.23924,-121.80269
37.23924,-121.80269
41.02423,-121.424
38.12839,-122.24761
38.12839,-122.24761
38.62764,-122.863
38.47,-122.71
37.51052,-120.83966
37.51052,-120.83966
37.51052,-120.83966
37.75782,-120.86
36.06948,-119.02727
36.06948,-119.02727
36.06948,-119.02727
34.44221,-119.263
34.28973,-118.74394
34.28973,-118.74394
34.28973,-118.74394
37.79925,-122.23138
37.79925,-122.23138
37.79925,-122.23138
37.63291,-122.08962
37.63291,-122.08962
37.63291,-122.08962
37.82402,-122.25791
37.82402,-122.25791
37.82402,-122.25791
39.36701,-121.689
39.20731,-122
37.98222,-121.8054
37.98222,-121.8054
37.98222,-121.8054
37.8923,-122.05828
37.8923,-122.05828
37.8923,-122.05828
37.78,-121.96
36.15152,-120.34
36.60789,-119.451
39.52055,-122.207
37.36207,-118.407
35.63486,-118.405
35.41216,-119.039
33.78,-118.19
34.09626,-117.745
33.94,-118.13
34.14,-118.15
34.14,-118.04
34.24088,-118.395
34.15,-118.33
34.19,-118.46
34.07042,-117.945
34.05,-118.22
33.83,-118.29
34.06,-118.21
37.95,-122.54
39.4326,-123.8
37.34023,-120.46518
37.34023,-120.46518
37.34023,-120.46518
37.64524,-118.964
36.2071,-121.132
38.32,-122.3
33.82,-117.91
33.63,-117.93
33.80327,-118.0674
33.80327,-118.0674
33.80327,-118.0674
33.56,-117.67
33.82,-117.99
33.75,-117.83
33.65816,-117.7749
33.65816,-117.7749
33.65816,-117.7749
38.76515,-121.24922
38.76515,-121.24922
38.76515,-121.24922
38.74636,-121.25107
38.74636,-121.25107
38.74636,-121.25107
33.87334,-117.5668
33.87334,-117.5668
33.87334,-117.5668
33.70677,-116.23391
33.70677,-116.23391
33.70677,-116.23391
33.61315,-114.595
33.93174,-116.945
33.72146,-117.156
33.61,-117.16
38.47144,-121.42409
38.47144,-121.42409
38.47144,-121.42409
34.24728,-116.889
34.26583,-117.167
34.13138,-117.322
34.8325,-114.618
34.47093,-117.29778
34.47093,-117.29778
34.47093,-117.29778
32.75,-117.16
32.62,-117.02
35.11369,-120.591
37.59,-122.38
34.43336,-119.809
34.60243,-120.127
37.37,-122.08
37.25,-121.94
37.23924,-121.80269
37.23924,-121.80269
37.23924,-121.80269
36.99,-121.98
41.02423,-121.424
38.12839,-122.24761
38.12839,-122.24761
38.12839,-122.24761
38.62764,-122.863
38.25323,-122.633
37.51052,-120.83966
37.51052,-120.83966
37.51052,-120.83966
37.75782,-120.86
37.70629,-121.05242
37.70629,-121.05242
37.70629,-121.05242
40.73784,-122.94
36.06948,-119.02727
36.06948,-119.02727
36.06948,-119.02727
34.44221,-119.263
34.28973,-118.74394
34.28973,-118.74394
34.28973,-118.74394
37.79925,-122.231
37.82,-122.26
37.56,-121.98
39.36701,-121.689
38.91228,-119.997
36.15152,-120.34
40.78,-124.14
35.38083,-118.967
35.63486,-118.405
35.37323,-119.027
35.39,-119.04
38.93619,-122.62
33.78,-118.19
34.02,-118.1
34.13219,-117.973
34.01897,-118.187
34.13384,-117.872
34.15,-118.23
34.28,-118.46
34.05,-118.27
34.14,-118.15
33.98125,-118.439
33.89246,-118.294
33.97,-118.05
33.73793,-118.303
33.93,-118.2
34.03,-118.48
33.91255,-118.099
34.4,-118.55
33.83,-118.29
34.06,-118.21
34.58,-118.14
39.4326,-123.8
39.32453,-120.201
33.7,-117.96
33.85,-117.93
33.78785,-117.825
33.82,-117.91
33.8209,-117.909
33.82,-117.99
39.93921,-120.962
33.84,-116.55
33.70677,-116.233
34.07774,-117.696
34.13138,-117.322
34.47,-117.3
32.69427,-117.168
32.68632,-117.083
33.18,-117.29
37.77,-122.45
37.96,-121.3
35.28,-120.65
37.59,-122.38
37.48,-122.25
34.63925,-120.439
34.43,-119.72
34.60243,-120.127
37.43,-122.18
36.99,-121.98
40.59,-122.39
41.31894,-122.323
41.71949,-122.645
38.44,-122.7
38.28841,-122.465
37.51,-120.84
37.75782,-120.86
37.56,-121.98
37.8923,-122.05828
37.8923,-122.05828
36.60789,-119.451
40.58267,-124.135
35.63486,-118.405
35.41216,-119.039
40.42306,-120.646
34.69,-118.16
33.95,-118.35
34.12867,-117.866
34.04827,-118.042
34.1,-118.29
34.28,-118.46
33.81,-118.34
33.98125,-118.439
34.22138,-118.456
34.14,-118.04
34.08,-118.38
34.24088,-118.395
34.07,-118.45
34.06,-118.2
34.58,-118.14
36.94538,-120.044
38.09827,-122.559
37.50045,-119.976
41.48001,-120.544
33.70442,-117.988
33.75,-117.83
38.94432,-121.099
33.76,-116.41
33.61,-117.16
38.55,-121.46
38.47144,-121.42409
34.07774,-117.696
34.13323,-116.276
32.8,-117.16
33.18,-117.29
37.77,-122.45
37.76,-122.46
37.79565,-122.409
37.96,-121.3
37.53017,-122.299
37.48,-122.25
41.02423,-121.424
41.71949,-122.645
38.62764,-122.863
38.44,-122.7
38.28841,-122.465
38.39825,-122.821
37.75782,-120.86
40.73784,-122.94
34.44221,-119.263
37.78,-121.96
36.60789,-119.451
40.78,-124.14
35.41216,-119.039
35.38,-119.02
40.42306,-120.646
34.69,-118.16
33.95,-118.35
34.13219,-117.973
33.94,-118.13
34.28,-118.46
33.81,-118.34
33.98125,-118.439
34.17,-118.53
34.14,-118.04
34.15995,-118.448
34.16,-118.33
34.07,-118.45
34.4,-118.55
33.83,-118.29
34.06,-118.21
37.95,-122.54
39.4326,-123.8
41.48001,-120.544
38.32,-122.3
38.54,-122.47
39.32453,-120.201
33.85,-117.93
33.8209,-117.909
33.70442,-117.988
33.80327,-118.0674
33.7745,-117.913
33.88707,-117.843
33.49973,-117.742
33.89,-117.93
33.75361,-117.833
33.48,-117.1
38.55,-121.46
34.1,-117.64
34.13138,-117.322
34.47,-117.3
34.89352,-117.016
32.77664,-117.057
32.78,-117.01
32.88,-117.23
37.79,-122.43
,
37.77,-122.45
37.76,-122.46
37.80111,-121.197
37.59,-122.38
34.60243,-120.127
38.26,-122.05
38.28841,-122.465
38.39825,-122.821
36.22101,-119.338
34.21,-118.89
37.69,-121.88
38.19057,-120.67
37.8923,-122.05828
37.78,-121.96
38.91228,-119.997
34.01897,-118.187
33.86,-118.15
34.02383,-118.183
34.07,-118.12
34.1,-118.29
33.81,-118.34
34.17,-118.53
34.05308,-118.136
34.08,-117.75
34.09907,-117.834
34.24088,-118.395
34.03,-118.48
34.06,-118.27
34.19,-118.46
34.05,-118.22
34.06,-118.21
34.06,-118.2
39.4326,-123.8
36.66,-121.65
39.32453,-120.201
33.72,-117.94
33.71112,-117.885
33.56,-117.67
33.49973,-117.742
33.73119,-117.829
33.82,-117.99
33.75,-117.83
39.93921,-120.962
40.30547,-121.233
33.76,-116.41
33.61315,-114.595
36.835,-121.386
34.1,-117.64
34.54,-117.27
34.13323,-116.276
34.47,-117.3
32.8,-117.16
33.18,-117.29
37.76,-122.46
37.88594,-121.289
35.11369,-120.591
37.53017,-122.299
34.43,-119.72
34.60243,-120.127
37.25,-121.94
37.33,-121.94
37.31,-121.93
38.12839,-122.24761
38.62764,-122.863
38.47,-122.71
37.75782,-120.86
34.27,-119.26
34.22,-119.16
39.14,-121.59
37.78,-121.96
36.83745,-119.66072
40.58267,-124.135
32.96003,-115.551
37.36207,-118.407
38.93619,-122.62
34.13219,-117.973
34.15686,-118.486
34.07,-118.12
34.09628,-118.325
34.28,-118.46
34.05,-118.27
34.14,-118.04
34.09907,-117.834
34.07,-118.45
34.2,-118.63
34.06,-118.21
33.92723,-118.157
39.4326,-123.8
39.15216,-123.202
39.39927,-123.354
36.66,-121.65
36.69686,-121.629
38.53937,-122.473
33.82,-117.91
33.84755,-118.037
33.61,-117.71
33.82,-117.99
33.75,-117.83
33.87334,-117.5668
33.98,-117.38
33.48,-117.1
33.61,-117.16
38.67,-121.31
36.835,-121.386
34.02626,-117.687
34.54,-117.27
34.52817,-117.292
34.13323,-116.276
34.47093,-117.29778
32.89,-117.22
37.76,-122.46
37.80111,-121.197
37.53017,-122.299
37.59,-122.38
34.43336,-119.809
37.33,-121.94
36.99,-121.98
36.92839,-121.791
38.12839,-122.24761
38.44,-122.7
38.28841,-122.465
34.22,-119.16
38.56289,-121.771
37.82,-122.26
39.50485,-121.542
38.19057,-120.67
36.83745,-119.66072
36.83745,-119.66072
36.83745,-119.66072
36.74,-119.78
40.90351,-124.09
35.39,-119.01
38.93619,-122.62
39.10232,-122.91
40.42306,-120.646
34.02,-118.1
34.04,-118.27
34.13219,-117.973
34.01897,-118.187
34.02383,-118.183
34.15686,-118.486
34.09628,-118.325
34.1,-118.29
34.28,-118.46
34.05,-118.27
33.81,-118.34
33.84,-118.36
33.78871,-118.145
33.98125,-118.439
34.13,-118.26
34.05754,-118.36
34.08,-118.38
33.91108,-118.064
33.80759,-118.193
34.06879,-118.263
34.03,-118.48
34.4,-118.55
33.92723,-118.157
38.09827,-122.559
37.50045,-119.976
39.39927,-123.354
41.48747,-120.552
36.69686,-121.629
39.32453,-120.201
33.8209,-117.909
33.84755,-118.037
33.71112,-117.885
33.7745,-117.913
33.49973,-117.742
33.73119,-117.829
39.93921,-120.962
40.30547,-121.233
33.76,-116.41
33.98,-117.38
38.67,-121.31
34.07774,-117.696
34.54,-117.27
34.52817,-117.292
32.69427,-117.168
32.8,-117.16
33.13,-117.08
33.18,-117.29
37.74761,-122.458
37.7691,-122.434
37.79,-122.42
37.74366,-121.434
37.48,-122.25
34.43,-119.72
37.33,-121.94
37.33,-122
36.92839,-121.791
41.71949,-122.645
38.44,-122.7
34.27,-119.26
34.21,-118.88
38.56289,-121.771
37.76266,-122.253
37.69,-121.88
37.69837,-122.087
33.95,-118.35
33.83377,-118.081
,
34.04827,-118.042
33.78871,-118.145
34.13,-118.26
34.06242,-117.945
34.09907,-117.834
34.15995,-118.448
34.2,-118.63
34.06,-118.2
36.94538,-120.044
37.95,-122.54
37.06273,-120.861
36.66,-121.65
38.32,-122.3
38.53937,-122.473
33.72,-117.94
33.70442,-117.988
33.56,-117.67
33.78,-117.87
33.75,-117.83
33.98,-117.38
33.48,-117.1
33.61,-117.16
34.13323,-116.276
34.89352,-117.016
32.77664,-117.057
32.62,-117.02
32.88,-117.23
37.78917,-122.416
,
37.79565,-122.409
37.74366,-121.434
35.11369,-120.591
35.29098,-120.666
37.68,-122.47
37.36,-121.85
37.37,-122.08
36.92839,-121.791
36.06948,-119.027
34.22,-119.16
37.82,-122.26
38.19057,-120.67
38.00646,-122.131
38.91228,-119.997
32.78138,-115.498
35.39,-119.01
35.6404,-117.669
35.38,-119.02
35.39,-119.04
33.78,-118.19
34.02,-118.1
33.86,-118.15
34.05,-118.27
34.09,-117.89
33.89246,-118.294
34.05308,-118.136
34.22,-118.53
33.91108,-118.064
34.08,-117.75
34.09907,-117.834
33.91255,-118.099
34.20557,-118.215
34.05,-118.22
33.83,-118.29
39.39927,-123.354
37.06273,-120.861
36.6,-121.92
38.32,-122.3
38.54,-122.47
33.8209,-117.909
33.63,-117.93
33.80327,-118.0674
33.56,-117.67
33.61,-117.71
33.48,-117.1
34.1,-117.64
34.52817,-117.292
32.88,-117.23
,
35.29098,-120.666
35.5543,-120.719
37.68,-122.47
34.63925,-120.439
37.25,-121.94
37.31,-121.93
36.99,-121.98
34.27,-119.26
37.82,-122.26
37.56,-121.98
38.19057,-120.67
38.00646,-122.131
37.99,-122.04
40.90351,-124.09
35.37323,-119.027
34.04,-118.27
34.01897,-118.187
33.86,-118.15
34.02383,-118.183
34.15686,-118.486
34.14,-118.15
33.78871,-118.145
34.13,-118.26
34.05308,-118.136
34.08,-118.38
33.8849,-118.161
34.08,-117.75
34.09907,-117.834
34.24088,-118.395
34.32418,-118.452
39.15216,-123.202
36.6,-121.92
33.82,-117.91
33.56,-117.67
33.84,-116.55
33.76,-116.41
33.70677,-116.233
33.93174,-116.945
34.02626,-117.687
34.8325,-114.618
32.8,-117.16
32.89654,-117.241
37.78,-122.44
37.7691,-122.434
37.79565,-122.409
35.28,-120.65
37.53017,-122.299
34.95,-120.41
34.43,-119.72
37.37,-122.08
37.33,-121.94
40.57,-122.4
38.44,-122.7
37.76266,-122.253
37.82,-122.26
37.56,-121.98
37.71364,-122.14
37.71364,-122.14
39.20731,-122
36.83745,-119.66072
40.90351,-124.09
40.58267,-124.135
40.78,-124.14
32.96003,-115.551
35.38083,-118.967
33.78,-118.19
33.95,-118.35
33.98929,-118.224
34.28,-118.46
33.98125,-118.439
34.22,-118.53
34.06879,-118.263
33.93,-118.2
39.39927,-123.354
33.85,-117.93
33.8209,-117.909
33.61,-117.71
33.78,-117.87
33.89,-117.93
33.72146,-117.156
33.48,-117.1
33.61,-117.16
34.02626,-117.687
34.07,-117.44
34.52817,-117.292
34.47093,-117.297
32.69427,-117.168
32.75,-117.16
32.89,-117.22
32.62,-117.02
32.88,-117.23
37.78917,-122.416
37.79565,-122.409
37.36,-121.85
37.03731,-121.574
38.26,-122.05
38.28841,-122.465
34.44221,-119.263
39.20731,-122
41.77278,-124.195
40.90351,-124.09
35.76143,-119.237
35.39,-119.01
35.38,-119.02
35.39,-119.04
34.13384,-117.872
34.09,-117.89
33.84,-118.36
34.17,-118.53
34.05308,-118.136
33.80759,-118.193
34.06879,-118.263
34.15995,-118.448
33.93,-118.2
34.19,-118.46
33.95379,-118.003
33.83,-118.29
34.06,-118.2
38.09827,-122.559
37.06273,-120.861
36.2071,-121.132
39.32453,-120.201
33.7,-117.96
33.63,-117.93
33.70442,-117.988
33.56,-117.67
33.79,-117.89
33.78798,-117.89
33.7745,-117.913
33.89,-117.93
33.93174,-116.945
38.55,-121.46
34.07774,-117.696
34.89352,-117.016
32.8,-117.16
32.78,-117.01
32.75,-117.16
32.68632,-117.083
32.62,-117.02
32.88,-117.23
37.74804,-122.42
34.95,-120.41
34.43,-119.72
37.03731,-121.574
40.59,-122.39
41.31894,-122.323
41.71949,-122.645
38.25323,-122.633
34.27,-119.26
34.27693,-119.253
34.24177,-119.018
37.76266,-122.253
37.85645,-122.257
37.69,-121.88
38.34743,-120.772
38.00646,-122.131
40.58267,-124.135
40.78,-124.14
35.76143,-119.237
35.38083,-118.967
35.6404,-117.669
35.38,-119.02
35.14302,-118.449
33.86,-118.15
34.15,-118.23
34.1,-118.3
34.17,-118.53
34.22138,-118.456
34.22,-118.53
34.08,-117.75
34.09907,-117.834
33.93,-118.2
34.07,-118.45
38.54,-122.47
33.7,-117.96
33.78785,-117.825
33.72,-117.94
33.79,-117.89
33.89,-117.93
33.75361,-117.833
33.84,-116.55
34.07,-117.44
34.1,-117.64
34.13323,-116.276
32.77664,-117.057
32.78,-117.01
32.89654,-117.241
32.88,-117.22
37.79565,-122.409
35.28,-120.65
37.53017,-122.299
34.63925,-120.439
34.95,-120.41
37.31,-121.93
40.57,-122.4
38.28841,-122.465
36.06948,-119.027
36.22101,-119.338
34.27693,-119.253
37.85645,-122.257
39.50485,-121.542
39.74,-121.85
40.58267,-124.135
35.39,-119.01
35.38,-119.02
34.01614,-118.101
34.02319,-118.396
34.02383,-118.183
34.07,-118.12
34.14,-118.04
34.08,-118.38
34.22,-118.53
33.80759,-118.193
34.08,-117.75
34.06,-118.27
34.04932,-118.217
39.39927,-123.354
36.6,-121.92
33.63,-117.93
33.84755,-118.037
33.71112,-117.885
33.79,-117.89
33.61,-117.71
38.94432,-121.099
33.87333,-117.566
33.89553,-117.186
38.57,-121.45
34.07,-117.44
34.54,-117.27
37.79,-122.43
37.7691,-122.434
37.88594,-121.289
35.5543,-120.719
34.95,-120.41
37.33,-121.94
38.62764,-122.863
40.1495,-122.218
36.22101,-119.338
37.71364,-122.14
37.71364,-122.14
38.34743,-120.772
39.74,-121.85
37.99,-122.04
32.96003,-115.551
35.38083,-118.967
33.78871,-118.145
33.81,-118.19
34.05754,-118.36
39.4326,-123.8
33.84755,-118.037
33.79,-117.89
33.88707,-117.843
33.49973,-117.742
33.89,-117.93
33.84,-116.55
33.61315,-114.595
33.98,-117.38
33.93174,-116.945
36.835,-121.386
34.13138,-117.322
32.77664,-117.057
32.78,-117.01
32.75,-117.16
37.48129,-122.253
37.48967,-122.224
34.43,-119.72
37.36,-121.85
37.37,-122.08
37.43,-122.18
37.03731,-121.574
36.92839,-121.791
40.57,-122.4
38.25323,-122.633
34.27693,-119.253
34.21,-118.89
38.56289,-121.771
37.71364,-122.14
37.71364,-122.14
39.74,-121.85
35.76143,-119.237
38.93619,-122.62
33.78,-118.19
34.05,-118.27
33.84,-118.36
33.89246,-118.294
34.22138,-118.456
34.22,-118.53
33.91108,-118.064
33.93,-118.2
34.20557,-118.215
38.09827,-122.559
33.78,-117.87
38.94432,-121.099
33.61315,-114.595
33.61,-117.16
38.57,-121.44
34.54,-117.27
34.47093,-117.297
32.78,-117.06
32.69427,-117.168
37.33,-122
36.99,-121.98
41.31894,-122.323
38.25323,-122.633
34.24177,-119.018
34.22,-119.16
38.56289,-121.771
39.14,-121.59
38.34743,-120.772
36.86,-119.79
35.76143,-119.237
35.39,-119.01
38.93619,-122.62
34.08988,-118.144
34.69,-118.16
34.15,-118.23
34.04827,-118.042
34.05,-118.27
33.89246,-118.294
34.22138,-118.456
34.14,-118.04
34.08,-118.38
33.80759,-118.193
34.4,-118.55
34.32418,-118.452
36.94538,-120.044
39.15216,-123.202
37.06273,-120.861
33.84755,-118.037
33.79,-117.89
33.88707,-117.843
38.55,-121.46
38.57,-121.44
34.89352,-117.016
32.77664,-117.057
37.77,-122.45
37.96,-121.3
37.80111,-121.197
37.68,-122.47
34.63925,-120.439
37.43,-122.18
36.99,-121.98
40.57,-122.4
38.13109,-122.238
38.25323,-122.633
34.21,-118.89
38.56289,-121.771
37.76266,-122.253
37.82,-122.26
38.34743,-120.772
39.50485,-121.542
37.99,-122.04
38.91228,-119.997
40.78,-124.14
35.6404,-117.669
34.08988,-118.144
34.03721,-118.265
34.01897,-118.187
34.02383,-118.183
34.1,-118.29
34.1,-118.3
34.22138,-118.456
33.81,-118.19
34.05754,-118.36
34.08,-117.75
33.91255,-118.099
38.32363,-122.296
38.94432,-121.099
34.07,-117.44
34.47093,-117.297
33.18,-117.29
32.99563,-117.057
37.7691,-122.434
37.78917,-122.416
37.77408,-122.454
37.79565,-122.409
37.96125,-121.3
35.11369,-120.591
35.28,-120.65
37.68,-122.47
37.36,-121.85
37.37,-122.08
37.25,-121.94
37.43,-122.18
34.21,-118.89
37.79925,-122.231
37.99,-122.04
38.91228,-119.997
32.96003,-115.551
35.39,-119.04
34.69,-118.16
33.98929,-118.224
34.09,-117.89
33.97,-118.05
33.91255,-118.099
34.2,-118.63
33.95379,-118.003
34.06,-118.2
38.0041,-122.553
39.15216,-123.202
37.06273,-120.861
36.6,-121.92
36.66,-121.65
33.61,-117.71
33.78,-117.87
38.55,-121.46
36.835,-121.386
34.02626,-117.687
34.89352,-117.016
33.12586,-117.076
32.68632,-117.083
37.76,-122.46
37.96,-121.3
35.29098,-120.666
37.03731,-121.574
38.26,-122.05
34.22,-119.16
38.66284,-121.793
37.71364,-122.14
37.71364,-122.14
36.84,-119.76
35.76143,-119.237
33.86,-118.15
34.09628,-118.325
34.09557,-118.291
34.09,-117.89
34.05754,-118.36
34.06879,-118.263
34.07,-118.45
34.20557,-118.215
34.32418,-118.452
38.09827,-122.559
33.78798,-117.89
33.88707,-117.843
33.75361,-117.833
33.76,-116.41
33.93174,-116.945
38.55,-121.46
36.835,-121.386
34.1,-117.64
34.52817,-117.292
34.47093,-117.297
33.13,-117.08
37.80111,-121.197
37.48129,-122.253
37.03731,-121.574
37.33,-122
38.26,-122.05
38.49636,-122.751
36.33,-119.29
34.27,-119.26
38.56289,-121.771
37.79925,-122.231
39.50485,-121.542
37.77549,-121.958
41.77278,-124.195
35.37323,-119.027
38.93619,-122.62
34.01614,-118.101
34.03721,-118.265
33.98929,-118.224
33.93515,-118.131
34.15,-118.23
34.19,-118.46
34.2,-118.63
34.32418,-118.452
36.66,-121.65
38.53937,-122.473
33.7,-117.96
33.72,-117.94
33.78,-117.87
33.82482,-117.994
33.82,-117.99
33.75361,-117.833
33.9063,-117.47
33.89553,-117.186
33.91187,-117.195
38.57,-121.45
34.02626,-117.687
34.07,-117.44
34.05,-117.26
34.89352,-117.016
32.69427,-117.168
33.13,-117.08
37.78917,-122.416
37.77408,-122.454
37.97,-121.29
37.74366,-121.434
37.80111,-121.197
37.67,-120.98
36.33,-119.29
34.22,-119.16
39.75743,-121.572
35.6404,-117.669
35.38619,-119.043
34.03721,-118.265
33.93515,-118.131
34.15,-118.23
34.09628,-118.325
34.1,-118.29
34.05754,-118.36
33.80759,-118.193
34.06,-118.27
33.91255,-118.099
36.94538,-120.044
37.06273,-120.861
36.66,-121.65
33.63,-117.93
33.84755,-118.037
33.79,-117.89
33.61,-117.71
33.92573,-117.439
33.72146,-117.156
34.07,-117.44
34.52817,-117.292
32.68632,-117.083
32.89,-117.22
37.96,-121.3
37.97,-121.29
34.63925,-120.439
37.25,-121.94
37.03731,-121.574
38.47087,-122.731
38.49636,-122.751
38.00646,-122.131
37.77549,-121.958
41.77278,-124.195
36.74,-119.78
35.6404,-117.669
35.39,-119.04
34.15686,-118.486
33.81,-118.19
34.06311,-118.273
34.20337,-118.629
38.09827,-122.559
36.6,-121.92
36.69686,-121.629
38.54,-122.47
33.82482,-117.994
33.75361,-117.833
38.94432,-121.099
33.98,-117.38
38.67,-121.31
34.05,-117.26
32.68632,-117.083
32.89654,-117.241
37.78,-122.44
35.29098,-120.666
40.59,-122.39
38.47087,-122.731
37.56,-121.98
39.74,-121.85
36.74,-119.78
35.38083,-118.967
34.01614,-118.101
33.95,-118.35
33.98929,-118.224
34.22,-118.53
34.20557,-118.215
34.20337,-118.629
33.91712,-118.129
36.6,-121.92
33.85,-117.93
33.78785,-117.825
33.72,-117.94
33.71112,-117.885
33.88707,-117.843
33.78,-117.87
33.70677,-116.233
33.97641,-117.379
33.89553,-117.186
38.57,-121.44
38.67223,-121.142
34.1,-117.64
34.13,-117.28
33.13,-117.08
37.78,-122.44
37.88594,-121.289
40.57,-122.4
38.26,-122.05
38.49636,-122.751
36.22101,-119.338
34.27458,-119.258
37.56,-121.98
41.77278,-124.195
34.08988,-118.144
34.03721,-118.265
34.13384,-117.872
34.15995,-118.448
33.93085,-118.204
34.20557,-118.215
36.94538,-120.044
33.85,-117.93
33.70442,-117.988
33.75113,-116.959
33.48,-117.1
34.05,-117.26
37.68,-122.47
37.36332,-121.848
37.43,-122.18
40.59,-122.39
41.31894,-122.323
37.67,-120.97
40.1495,-122.218
34.24177,-119.018
37.69206,-121.88
41.77278,-124.195
35.6404,-117.669
35.38619,-119.043
34.08988,-118.144
33.98929,-118.224
34.1,-118.3
34.22138,-118.456
33.81,-118.19
33.95379,-118.003
38.0041,-122.553
39.15216,-123.202
38.54,-122.47
33.72146,-117.156
34.05,-117.26
34.07163,-117.352
32.75,-117.16
32.89,-117.22
37.78,-122.44
37.59446,-122.383
40.57,-122.4
38.25323,-122.633
38.66284,-121.793
37.76266,-122.253
37.55055,-121.974
39.75743,-121.572
35.76143,-119.237
33.78023,-118.186
,
34.15995,-118.448
38.0041,-122.553
36.69686,-121.629
33.70677,-116.233
33.61222,-117.162
32.62,-117.02
37.96125,-121.3
40.59,-122.39
38.49636,-122.751
40.1495,-122.218
36.06948,-119.027
38.66284,-121.793
36.74,-119.78
35.39,-119.01
34.08988,-118.144
34.01614,-118.101
33.98929,-118.224
34.13384,-117.872
33.73793,-118.303
36.69686,-121.629
33.72,-117.94
33.82482,-117.994
38.57,-121.45
38.67223,-121.142
34.05,-117.26
37.78917,-122.416
37.96125,-121.3
37.74366,-121.434
35.11369,-120.591
35.29098,-120.666
35.5543,-120.719
37.48129,-122.253
37.36,-121.85
36.92839,-121.791
40.59,-122.39
36.33,-119.29
34.27693,-119.253
37.79925,-122.231
37.63291,-122.089
37.55055,-121.974
39.50485,-121.542
34.03721,-118.265
34.05754,-118.36
33.73793,-118.303
34.15995,-118.448
33.95379,-118.003
33.92573,-117.439
33.9063,-117.47
34.13138,-117.322
34.13,-117.28
37.96125,-121.3
36.92839,-121.791
38.49636,-122.751
36.33,-119.29
34.28973,-118.743
37.79925,-122.231
37.63291,-122.089
37.77549,-121.958
34.69,-118.16
33.94917,-118.347
33.86,-118.15
34.04827,-118.042
34.2198,-118.431
34.1284,-118.257
34.08,-118.38
33.73793,-118.303
34.03,-118.48
34.32418,-118.452
36.94538,-120.044
38.0041,-122.553
33.82482,-117.994
33.75361,-117.833
33.84,-116.55
33.9063,-117.47
34.05,-117.26
37.96,-121.3
37.74366,-121.434
35.29098,-120.666
35.5543,-120.719
34.63925,-120.439
37.25116,-121.944
36.06948,-119.027
39.14,-121.59
37.77549,-121.958
38.72556,-120.79
34.02319,-118.396
34.1024,-118.105
34.19396,-118.463
33.88707,-117.843
33.82482,-117.994
38.94432,-121.099
33.70677,-116.233
34.47093,-117.297
32.89,-117.22
37.78917,-122.416
37.97,-121.29
35.5543,-120.719
37.48129,-122.253
37.36,-121.85
38.49636,-122.751
36.33,-119.29
39.14,-121.59
37.63291,-122.089
38.34743,-120.772
37.77549,-121.958
36.86,-119.79
32.96003,-115.551
33.93085,-118.204
39.22808,-121.047
33.70162,-117.955
33.80327,-118.067
33.47959,-117.104
32.89654,-117.241
35.27801,-120.649
37.65806,-122.438
37.67,-120.98
34.28973,-118.743
39.14,-121.59
37.63291,-122.089
37.69206,-121.88
36.84,-119.76
36.86,-119.79
34.08988,-118.144
33.94917,-118.347
33.73793,-118.303
34.0298,-118.478
37.94651,-122.537
37.34023,-120.465
33.85,-117.93
33.87333,-117.566
33.72146,-117.156
38.57,-121.44
34.13,-117.28
34.07163,-117.352
32.68632,-117.083
32.89,-117.22
37.7691,-122.434
35.11369,-120.591
35.28,-120.65
37.76266,-122.253
37.98222,-121.805
37.77549,-121.958
38.72556,-120.79
32.96003,-115.551
35.38083,-118.967
34.09557,-118.291
34.08993,-117.892
34.03793,-118.375
34.06242,-117.945
34.06311,-118.273
34.20337,-118.629
33.95379,-118.003
37.94651,-122.537
39.39927,-123.354
33.55788,-117.184
33.61222,-117.162
32.75,-117.16
33.13,-117.08
37.88594,-121.289
37.43,-122.18
38.13109,-122.238
37.67,-120.98
39.74,-121.85
38.72556,-120.79
34.02319,-118.396
34.09,-117.89
33.84,-118.36
34.20557,-118.215
34.06284,-118.202
38.0041,-122.553
33.78785,-117.825
33.78798,-117.89
33.84,-116.55
33.70677,-116.233
38.46416,-121.417
32.78,-117.01
33.13,-117.08
34.95,-120.41
37.32714,-121.937
38.38949,-121.937
40.1495,-122.218
38.00646,-122.131
33.78023,-118.186
34.02319,-118.396
33.98125,-118.439
39.22808,-121.047
38.57,-121.45
32.77664,-117.057
33.0363,-117.284
37.48129,-122.253
38.13109,-122.238
36.33,-119.29
34.28973,-118.743
38.66284,-121.793
33.95,-118.35
33.94917,-118.347
34.1284,-118.257
33.81,-118.19
34.05308,-118.136
34.20337,-118.629
34.32418,-118.452
38.32363,-122.296
38.53937,-122.473
33.84725,-117.932
33.92573,-117.439
35.27801,-120.649
37.95197,-121.776
36.84246,-119.783
32.78138,-115.498
34.08993,-117.892
33.84,-118.36
34.06311,-118.273
34.19396,-118.463
33.91712,-118.129
33.92573,-117.439
33.9063,-117.47
34.02626,-117.687
34.13,-117.28
37.68172,-122.472
38.38949,-121.937
34.27693,-119.253
34.24177,-119.018
34.02319,-118.396
34.02753,-118.486
34.19396,-118.463
34.06348,-117.986
39.22808,-121.047
37.78,-122.44
37.65806,-122.438
37.59446,-122.383
38.13109,-122.238
38.4429,-122.701
38.47087,-122.731
37.8,-121.2
36.22101,-119.338
34.24177,-119.018
37.79925,-122.231
37.63291,-122.089
39.50485,-121.542
36.86,-119.79
32.78138,-115.498
34.05324,-118.265
34.19396,-118.463
34.07163,-117.352
38.66284,-121.793
36.84,-119.76
40.42306,-120.646
33.78023,-118.186
38.53937,-122.473
33.89553,-117.186
38.67223,-121.142
33.0363,-117.284
37.77408,-122.454
37.97,-121.29
37.48129,-122.253
34.27693,-119.253
38.66284,-121.793
38.72556,-120.79
35.37323,-119.027
34.1024,-118.105
34.09557,-118.291
34.05085,-118.216
33.83155,-118.293
37.94651,-122.537
33.84725,-117.932
33.75113,-116.959
33.92573,-117.439
34.13138,-117.322
34.07163,-117.352
32.61909,-117.024
37.97,-121.29
37.68172,-122.472
37.36332,-121.848
37.33,-122
38.47087,-122.731
40.1495,-122.218
37.63291,-122.089
39.74,-121.85
35.38619,-119.043
33.78023,-118.186
34.07,-118.12
34.04827,-118.042
34.13603,-118.038
34.06242,-117.945
34.05085,-118.216
37.78,-122.44
37.74804,-122.42
37.48967,-122.224
38.13109,-122.238
38.38949,-121.937
37.98222,-121.805
38.72556,-120.79
34.03721,-118.265
34.03793,-118.375
33.83155,-118.293
37.94651,-122.537
38.46416,-121.417
38.57,-121.44
38.67223,-121.142
32.77963,-117.009
37.96125,-121.3
37.48967,-122.224
38.13109,-122.238
38.26097,-122.05
37.55847,-121.98
38.72556,-120.79
35.38619,-119.043
33.85973,-118.149
34.13384,-117.872
34.08993,-117.892
34.06242,-117.945
34.58437,-118.144
39.15216,-123.202
33.71546,-117.936
34.03699,-117.204
32.88506,-117.222
37.75657,-122.406
37.88594,-121.289
35.27801,-120.649
34.28973,-118.743
33.78023,-118.186
34.07,-118.12
33.81,-118.19
33.93085,-118.204
34.04932,-118.217
34.06348,-117.986
34.58437,-118.144
38.0041,-122.553
37.34023,-120.465
38.53937,-122.473
39.22808,-121.047
33.87333,-117.566
33.75113,-116.959
33.98,-117.38
33.91187,-117.195
32.99563,-117.057
33.0363,-117.284
37.48967,-122.224
40.1495,-122.218
37.69206,-121.88
37.95197,-121.776
35.38619,-119.043
34.1024,-118.105
33.93515,-118.131
34.09557,-118.291
34.06242,-117.945
33.91255,-118.099
33.83155,-118.293
39.22808,-121.047
38.57,-121.45
32.99563,-117.057
37.75657,-122.406
37.74804,-122.42
35.5543,-120.719
37.51052,-120.839
37.67,-120.98
37.55055,-121.974
37.95197,-121.776
40.7832,-124.142
33.89246,-118.294
34.22075,-118.531
34.06242,-117.945
34.02753,-118.486
33.93085,-118.204
34.58437,-118.144
33.18394,-117.29
38.12146,-121.285
37.48967,-122.224
37.67,-120.98
37.69837,-122.087
34.01614,-118.101
34.58437,-118.144
33.56279,-117.667
33.87333,-117.566
38.57,-121.47
34.13,-117.28
33.18394,-117.29
37.88594,-121.289
34.95198,-120.413
40.58562,-122.387
38.47087,-122.731
34.27458,-119.258
34.28973,-118.743
37.55055,-121.974
39.75743,-121.572
33.78023,-118.186
33.94917,-118.347
33.93515,-118.131
34.2198,-118.431
34.0298,-118.478
34.06348,-117.986
33.84725,-117.932
33.82482,-117.994
33.61222,-117.162
32.78,-117.01
38.12146,-121.285
40.58562,-122.387
38.4429,-122.701
37.97568,-120.369
34.27458,-119.258
37.69837,-122.087
37.95197,-121.776
36.74,-119.78
34.09557,-118.291
34.2198,-118.431
33.84,-118.36
33.95379,-118.003
33.83155,-118.293
38.46416,-121.417
34.1341,-117.278
32.99563,-117.057
37.78274,-122.442
34.21687,-119.158
37.55055,-121.974
37.69837,-122.087
36.84,-119.76
33.94917,-118.347
34.1,-118.3
34.02753,-118.486
34.39545,-118.554
33.89553,-117.186
37.77408,-122.454
35.27801,-120.649
37.51052,-120.839
36.06948,-119.027
34.20762,-118.882
37.69837,-122.087
37.98222,-121.805
32.78138,-115.498
34.01614,-118.101
34.19396,-118.463
34.03699,-117.204
33.18394,-117.29
,
37.74366,-121.434
37.68172,-122.472
37.25116,-121.944
37.33,-122
34.20762,-118.882
34.24177,-119.018
37.69206,-121.88
36.84,-119.76
36.86,-119.79
32.78138,-115.498
33.85973,-118.149
34.0298,-118.478
33.71546,-117.936
33.61222,-117.162
34.22075,-118.531
33.73793,-118.303
34.39545,-118.554
33.83155,-118.293
34.06348,-117.986
38.57,-121.45
37.80111,-121.197
36.98806,-121.984
36.74,-119.78
33.85973,-118.149
34.05324,-118.265
33.80801,-118.185
34.02753,-118.486
34.06284,-118.202
34.03699,-117.204
34.54053,-117.265
37.75657,-122.406
37.32714,-121.937
37.31346,-121.932
37.8,-121.2
37.98222,-121.805
34.06826,-118.123
34.03793,-118.375
33.80801,-118.185
34.13603,-118.038
33.70162,-117.955
33.78798,-117.89
33.55788,-117.184
33.47959,-117.104
33.18394,-117.29
37.33,-122
36.98806,-121.984
40.58562,-122.387
38.26097,-122.05
37.97568,-120.369
37.85645,-122.257
36.84246,-119.783
34.17067,-118.532
34.0298,-118.478
34.06888,-118.445
37.97568,-120.369
34.28973,-118.743
33.94917,-118.347
34.13384,-117.872
34.06826,-118.123
34.22075,-118.531
34.17198,-118.588
34.06348,-117.986
34.1341,-117.278
37.65806,-122.438
40.58562,-122.387
36.06948,-119.027
37.98222,-121.805
33.93515,-118.131
34.06826,-118.123
34.2791,-118.459
33.87333,-117.566
34.03699,-117.204
37.8,-121.2
34.20762,-118.882
34.21687,-119.158
37.55055,-121.974
36.86,-119.79
35.37323,-119.027
34.05324,-118.265
34.17198,-118.588
33.78798,-117.89
33.97641,-117.379
33.47959,-117.104
34.03699,-117.204
37.77408,-122.454
37.96125,-121.3
37.79736,-121.246
37.68172,-122.472
37.32714,-121.937
38.4429,-122.701
37.8923,-122.058
34.13565,-118.151
34.1284,-118.257
34.13603,-118.038
34.39545,-118.554
33.56279,-117.667
33.55788,-117.184
33.91187,-117.195
38.60197,-121.392
34.1341,-117.278
37.97,-121.29
34.95198,-120.413
34.1,-118.3
34.22075,-118.531
33.93085,-118.204
34.06311,-118.273
34.06888,-118.445
34.04932,-118.217
34.39545,-118.554
34.17198,-118.588
33.80327,-118.067
33.92573,-117.439
34.47093,-117.297
32.77963,-117.009
38.38949,-121.937
34.02319,-118.396
33.85973,-118.149
34.1284,-118.257
33.83155,-118.293
36.65909,-121.646
33.76418,-116.408
33.47959,-117.104
32.77963,-117.009
40.58562,-122.387
34.21687,-119.158
35.37323,-119.027
33.85973,-118.149
34.03793,-118.375
33.91712,-118.129
37.94651,-122.537
33.71546,-117.936
33.75113,-116.959
33.91187,-117.195
33.61222,-117.162
34.07163,-117.352
36.98806,-121.984
37.97568,-120.369
37.85645,-122.257
35.38619,-119.043
34.14951,-118.231
34.05324,-118.265
34.17067,-118.532
34.17198,-118.588
34.54053,-117.265
37.75657,-122.406
35.27801,-120.649
40.58562,-122.387
37.8923,-122.058
36.84,-119.76
32.78138,-115.498
34.17067,-118.532
33.89246,-118.294
39.22808,-121.047
33.71546,-117.936
33.89553,-117.186
38.46416,-121.417
34.07163,-117.352
32.99563,-117.057
33.0363,-117.284
33.12158,-117.119
37.75657,-122.406
38.12146,-121.285
37.23924,-121.802
37.66,-121
37.51052,-120.839
34.1024,-118.105
34.2791,-118.459
36.59827,-121.924
36.65909,-121.646
38.32363,-122.296
32.99563,-117.057
36.98806,-121.984
38.47087,-122.731
34.21687,-119.158
37.85645,-122.257
40.7832,-124.142
36.32562,-119.668
34.13565,-118.151
33.78926,-118.293
34.07709,-117.75
34.06284,-118.202
33.62526,-117.929
38.60197,-121.392
38.67223,-121.142
34.54053,-117.265
33.70162,-117.955
33.80327,-118.067
33.9063,-117.47
38.46416,-121.417
34.13,-117.28
37.78274,-122.442
37.75657,-122.406
34.95198,-120.413
37.32714,-121.937
34.14951,-118.231
34.1284,-118.257
34.05085,-118.216
33.55788,-117.184
33.47959,-117.104
38.60197,-121.392
35.27801,-120.649
37.48967,-122.224
34.95198,-120.413
37.69837,-122.087
36.84246,-119.783
34.6878,-118.157
34.06888,-118.445
34.19396,-118.463
34.1341,-117.278
36.98806,-121.984
37.51052,-120.839
37.97568,-120.369
37.82106,-122.262
37.69206,-121.88
37.70611,-122.169
40.7832,-124.142
34.06826,-118.123
34.02753,-118.486
33.60802,-117.708
33.83932,-116.545
33.55788,-117.184
38.67223,-121.142
32.80016,-117.155
37.25116,-121.944
33.83891,-118.356
34.05982,-118.21
34.17198,-118.588
33.71546,-117.936
37.23924,-121.802
37.8923,-122.058
34.17067,-118.532
34.1284,-118.257
33.91712,-118.129
33.85442,-117.843
33.0363,-117.284
37.79736,-121.246
37.51052,-120.839
37.82106,-122.262
37.95197,-121.776
36.83745,-119.66
33.80801,-118.185
34.17198,-118.588
33.84725,-117.932
33.7823,-117.865
38.76515,-121.249
38.56955,-121.452
34.03699,-117.204
34.1341,-117.278
37.68172,-122.472
34.42948,-119.723
37.82106,-122.262
37.8923,-122.058
35.38306,-119.018
34.13565,-118.151
34.08993,-117.892
33.93085,-118.204
33.84725,-117.932
33.87333,-117.566
33.76418,-116.408
37.31346,-121.932
37.8923,-122.058
37.98615,-122.038
34.06348,-117.986
33.70162,-117.955
33.80327,-118.067
33.85442,-117.843
33.91187,-117.195
32.77963,-117.009
37.79736,-121.246
33.93515,-118.131
34.09557,-118.291
34.0298,-118.478
33.7823,-117.865
33.9063,-117.47
38.60197,-121.392
37.31346,-121.932
34.21687,-119.158
37.70611,-122.169
34.20337,-118.629
32.61909,-117.024
33.0363,-117.284
37.77408,-122.454
37.66439,-120.996
37.51052,-120.839
35.39051,-119.006
33.96979,-118.049
33.84725,-117.932
33.7823,-117.865
34.95198,-120.413
37.36779,-122.078
34.1024,-118.105
34.06826,-118.123
34.2198,-118.431
34.22075,-118.531
33.83932,-116.545
33.97641,-117.379
37.79736,-121.246
37.36332,-121.848
37.23924,-121.802
38.26097,-122.05
38.38949,-121.937
34.27458,-119.258
37.85645,-122.257
40.7832,-124.142
34.05324,-118.265
34.1,-118.3
34.02753,-118.486
34.0298,-118.478
34.39545,-118.554
38.32363,-122.296
33.70162,-117.955
38.76515,-121.249
33.83932,-116.545
34.21687,-119.158
34.08993,-117.892
33.80801,-118.185
33.60802,-117.708
33.83932,-116.545
33.55788,-117.184
32.80016,-117.155
37.97075,-121.289
37.65806,-122.438
34.95198,-120.413
37.31346,-121.932
38.26097,-122.05
37.98222,-121.805
37.95197,-121.776
33.85973,-118.149
34.08993,-117.892
34.2198,-118.431
37.94651,-122.537
33.70162,-117.955
33.80327,-118.067
37.97075,-121.289
37.97568,-120.369
37.82106,-122.262
37.55847,-121.98
37.91304,-122.04
35.39051,-119.006
34.6878,-118.157
33.78926,-118.293
34.22075,-118.531
34.07709,-117.75
34.06888,-118.445
34.58437,-118.144
33.89349,-117.928
33.83932,-116.545
37.36779,-122.078
34.20762,-118.882
37.70611,-122.169
34.1024,-118.105
34.15486,-118.326
36.59827,-121.924
33.56279,-117.667
33.89349,-117.928
33.75113,-116.959
38.12146,-121.285
37.68172,-122.472
37.36332,-121.848
37.31346,-121.932
37.70611,-122.169
37.8923,-122.058
33.91712,-118.129
38.60197,-121.392
34.10056,-117.638
32.61909,-117.024
37.65806,-122.438
37.31346,-121.932
34.58437,-118.144
37.34023,-120.465
36.65909,-121.646
32.61909,-117.024
37.36779,-122.078
38.26097,-122.05
37.8,-121.2
37.70611,-122.169
35.38306,-119.018
34.03793,-118.375
33.96979,-118.049
37.34023,-120.465
33.56279,-117.667
37.36779,-122.078
37.55847,-121.98
34.6878,-118.157
34.14951,-118.231
37.34023,-120.465
38.47144,-121.424
34.54053,-117.265
34.20762,-118.882
39.1388,-121.593
40.7832,-124.142
34.06826,-118.123
33.85442,-117.843
33.75113,-116.959
37.79736,-121.246
37.433,-122.175
34.05324,-118.265
37.32714,-121.937
37.66868,-120.973
40.7832,-124.142
36.32562,-119.668
33.78926,-118.293
33.96979,-118.049
34.15486,-118.326
34.06284,-118.202
36.59827,-121.924
38.32363,-122.296
38.55438,-121.457
37.8,-121.2
37.70611,-122.169
34.6878,-118.157
33.96979,-118.049
34.05982,-118.21
34.54053,-117.265
37.59446,-122.383
37.36332,-121.848
35.39051,-119.006
36.65909,-121.646
33.47959,-117.104
38.60197,-121.392
38.46416,-121.417
34.10056,-117.638
37.78274,-122.442
34.42948,-119.723
37.32714,-121.937
34.15486,-118.326
36.65909,-121.646
33.91187,-117.195
37.76351,-122.457
38.26097,-122.05
36.83745,-119.66
38.56955,-121.452
34.10056,-117.638
33.18394,-117.29
37.78274,-122.442
36.84246,-119.783
34.2791,-118.459
38.32363,-122.296
33.83932,-116.545
34.42948,-119.723
37.69206,-121.88
34.14951,-118.231
33.71546,-117.936
33.56279,-117.667
33.78798,-117.89
33.60802,-117.708
33.18394,-117.29
38.12146,-121.285
37.59446,-122.383
33.80327,-118.067
33.89349,-117.928
33.97641,-117.379
38.12146,-121.285
37.82106,-122.262
37.55847,-121.98
36.32562,-119.668
34.13565,-118.151
34.15486,-118.326
34.06284,-118.202
33.89349,-117.928
37.76351,-122.457
37.59446,-122.383
33.91712,-118.129
36.59827,-121.924
37.78584,-122.421
34.17067,-118.532
38.12839,-122.247
37.66868,-120.973
34.6878,-118.157
34.20337,-118.629
36.65909,-121.646
38.47144,-121.424
34.10056,-117.638
37.66439,-120.996
34.27458,-119.258
35.38306,-119.018
34.6878,-118.157
36.32562,-119.668
34.2791,-118.459
34.2198,-118.431
34.27458,-119.258
37.91304,-122.04
34.13603,-118.038
36.59827,-121.924
33.76418,-116.408
32.75387,-117.164
39.1388,-121.593
34.2791,-118.459
34.13565,-118.151
33.89349,-117.928
33.61222,-117.162
37.65806,-122.438
33.96979,-118.049
37.34023,-120.465
33.60802,-117.708
33.7823,-117.865
33.76418,-116.408
33.97641,-117.379
39.1388,-121.593
32.75128,-117.16
37.23924,-121.802
33.89349,-117.928
34.05164,-117.261
34.54053,-117.265
37.36779,-122.078
36.84246,-119.783
33.56279,-117.667
38.66818,-121.312
34.10056,-117.638
37.97075,-121.289
37.433,-122.175
38.12839,-122.247
34.39545,-118.554
38.55438,-121.457
38.47144,-121.424
38.12839,-122.247
38.38949,-121.937
36.84246,-119.783
36.32562,-119.668
34.03793,-118.375
38.12839,-122.247
37.66868,-120.973
37.82402,-122.257
37.98615,-122.038
36.83745,-119.66
33.83891,-118.356
33.76418,-116.408
33.97641,-117.379
38.12839,-122.247
38.66818,-121.312
38.4429,-122.701
33.83891,-118.356
34.17067,-118.532
33.80801,-118.185
37.79736,-121.246
34.42948,-119.723
37.82402,-122.257
33.78926,-118.293
34.07709,-117.75
37.91304,-122.04
35.38306,-119.018
33.80801,-118.185
33.96979,-118.049
33.76418,-116.408
39.74226,-121.849
36.32562,-119.668
38.47144,-121.424
32.75387,-117.164
37.76351,-122.457
37.97075,-121.289
37.76351,-122.457
37.97075,-121.289
39.1388,-121.593
34.13565,-118.151
34.07709,-117.75
34.05982,-118.21
37.25116,-121.944
37.66439,-120.996
33.85442,-117.843
32.80016,-117.155
32.77963,-117.009
37.78274,-122.442
38.76515,-121.249
37.23924,-121.802
37.66868,-120.973
37.98615,-122.038
34.1341,-117.278
32.77963,-117.009
37.36779,-122.078
34.15486,-118.326
38.57045,-121.47
34.05982,-118.21
33.60802,-117.708
34.0725,-117.435
34.05164,-117.261
34.20762,-118.882
37.55847,-121.98
37.98615,-122.038
35.39051,-119.006
34.2791,-118.459
34.09875,-118.295
33.83891,-118.356
32.75128,-117.16
36.98806,-121.984
34.15486,-118.326
33.62526,-117.929
33.60802,-117.708
38.57045,-121.47
37.66868,-120.973
34.05982,-118.21
33.7823,-117.865
38.56955,-121.452
34.06888,-118.445
32.75128,-117.16
37.78274,-122.442
37.82402,-122.257
37.36332,-121.848
37.25116,-121.944
37.33459,-121.995
40.57204,-122.397
34.09875,-118.295
38.66818,-121.312
32.80016,-117.155
32.61909,-117.024
38.47144,-121.424
32.80016,-117.155
32.75387,-117.164
38.12839,-122.247
37.66868,-120.973
37.98615,-122.038
32.75128,-117.16
33.12586,-117.076
36.83745,-119.66
33.62526,-117.929
32.75128,-117.16
38.4429,-122.701
34.06284,-118.202
34.10056,-117.638
32.79287,-117.094
32.61909,-117.024
37.59446,-122.383
34.42948,-119.723
36.74252,-119.784
33.62526,-117.929
34.05164,-117.261
34.42948,-119.723
35.38306,-119.018
37.433,-122.175
33.62526,-117.929
40.57204,-122.397
37.55847,-121.98
38.74636,-121.251
38.55438,-121.457
32.79287,-117.094
38.76515,-121.249
35.38306,-119.018
34.14951,-118.231
32.80016,-117.155
32.88506,-117.222
37.25116,-121.944
38.57045,-121.47
37.78584,-122.421
33.83891,-118.356
37.78584,-122.421
37.82402,-122.257
36.83745,-119.66
32.75387,-117.164
37.66439,-120.996
37.98615,-122.038
38.76515,-121.249
38.55438,-121.457
39.74226,-121.849
38.55438,-121.457
38.57045,-121.47
39.74226,-121.849
37.97075,-121.289
39.74226,-121.849
37.91304,-122.04
33.78926,-118.293
34.07709,-117.75
34.06888,-118.445
32.75387,-117.164
37.23924,-121.802
37.33459,-121.995
40.57204,-122.397
34.05982,-118.21
33.85442,-117.843
38.55438,-121.457
36.83707,-119.764
34.09875,-118.295
32.75128,-117.16
37.82106,-122.262
37.91304,-122.04
36.74252,-119.784
34.14951,-118.231
38.56955,-121.452
33.85442,-117.843
37.433,-122.175
39.74226,-121.849
32.88506,-117.222
38.74636,-121.251
37.33459,-121.995
33.81191,-118.343
39.1388,-121.593
37.82402,-122.257
36.83745,-119.66
35.39051,-119.006
34.13603,-118.038
36.59827,-121.924
33.7823,-117.865
37.66439,-120.996
38.66818,-121.312
33.12586,-117.076
33.78926,-118.293
33.62526,-117.929
38.74636,-121.251
34.0725,-117.435
32.79287,-117.094
40.57204,-122.397
37.91304,-122.04
33.81191,-118.343
34.09875,-118.295
38.47144,-121.424
40.57204,-122.397
39.1388,-121.593
34.07709,-117.75
37.79149,-122.431
36.74252,-119.784
34.13603,-118.038
34.0725,-117.435
34.05164,-117.261
32.88506,-117.222
34.0725,-117.435
36.83707,-119.764
35.39051,-119.006
33.83891,-118.356
36.83707,-119.764
38.76515,-121.249
37.79149,-122.431
33.12586,-117.076
37.76351,-122.457
38.56955,-121.452
37.76351,-122.457
38.4429,-122.701
34.09875,-118.295
38.57045,-121.47
34.0725,-117.435
37.433,-122.175
40.57204,-122.397
33.12586,-117.076
38.74636,-121.251
37.79149,-122.431
38.66818,-121.312
38.66818,-121.312
33.12586,-117.076
33.81191,-118.343
37.433,-122.175
38.56955,-121.452
36.32753,-119.293
37.82402,-122.257
36.74252,-119.784
39.74226,-121.849
36.32753,-119.293
32.75387,-117.164
37.33459,-121.995
36.83707,-119.764
37.66439,-120.996
34.0725,-117.435
32.79287,-117.094
33.81191,-118.343
34.05164,-117.261
36.74252,-119.784
38.74636,-121.251
34.05164,-117.261
32.88506,-117.222
33.81191,-118.343
38.74636,-121.251
36.32753,-119.293
34.09875,-118.295
32.88506,-117.222
37.33459,-121.995
37.33459,-121.995
32.79287,-117.094
32.79287,-117.094
36.83707,-119.764
36.32753,-119.293
33.81191,-118.343
36.32753,-119.293
36.83707,-119.764
38.57045,-121.47
36.32753,-119.293
36.74252,-119.784
34.07681,-118.38
34.07681,-118.38
34.07681,-118.38
34.07681,-118.38
34.07681,-118.38
34.07681,-118.38
40.10195,-123.792
,
33.66177,-117.773
39.80517,-120.462
37.74761,-122.458
40.10195,-123.792
,
33.8849,-118.161
33.66177,-117.773
39.80517,-120.462
32.9,-117.24
37.74761,-122.458
37.51,-120.84
36.15152,-120.34
40.10195,-123.792
33.66177,-117.773
39.80517,-120.462
34.26583,-117.167
40.10195,-123.792
36.6084,-118.058
33.66177,-117.773
39.80517,-120.462
34.26583,-117.167
37.74761,-122.458
36.15152,-120.34
36.6084,-118.058
33.66177,-117.773
40.30547,-121.233
37.74761,-122.458
38.39825,-122.821
40.73784,-122.94
36.84034,-119.76
36.82531,-119.781
33.66177,-117.773
39.80517,-120.462
33.81487,-116.439
38.39825,-122.821